match_id,seq,league_id,notes,submitDate,season_id,course,cluster_id
1002,14,11001,,2010-09-09T09:52:46,1,DK Mountain,4001
2002,2,11001,,2010-09-09T09:47:11,1,Baby Park,4001
6002,9,11001,,2010-09-09T09:50:39,1,Mario Circuit,4001
6003,10,11001,,2010-09-09T09:51:14,1,Daisy Cruiser,4001
6004,15,11001,,2010-09-09T09:53:32,1,Mushroom Bridge,4001
8001,1,11001,,2010-09-09T09:45:09,1,Luigi Circuit,4001
8003,13,11001,,2010-09-09T09:52:29,1,Peach Beach,4001
12003,16,11001,,2010-09-09T09:53:48,1,Rainbow Road,4001
13001,3,11001,,2010-09-09T09:47:38,1,Mushroom City,4001
14002,8,11001,,2010-09-09T09:50:04,1,Bowser Castle,4001
16001,4,11001,,2010-09-09T09:48:14,1,Yoshi Circuit,4001
17001,5,11001,,2010-09-09T09:48:48,1,Dry Dry Desert,4001
20001,6,11001,,2010-09-09T09:49:15,1,Wario Colosseum,4001
21001,7,11001,,2010-09-09T09:49:35,1,Sherbet Land,4001
25002,12,11001,,2010-09-09T09:52:06,1,Waluigi Stadium,4001
27001,11,11001,,2010-09-09T09:51:42,1,Dino Dino Jungle,4001
2003,6,11001,,2010-09-09T09:58:16,1,Wario Colosseum,37001
2004,7,11001,,2010-09-09T09:58:31,1,Dino Dino Jungle,37001
8004,1,11001,,2010-09-09T09:56:18,1,Luigi Circuit,37001
23002,16,11001,,2010-09-09T10:03:22,1,Rainbow Road,37001
38001,2,11001,,2010-09-09T09:56:47,1,Bowser Castle,37001
39001,3,11001,,2010-09-09T09:57:19,1,Mushroom City,37001
39002,9,11001,,2010-09-09T09:59:17,1,Daisy Cruiser,37001
41002,5,11001,,2010-09-09T09:57:56,1,Waluigi Stadium,37001
42001,4,11001,,2010-09-09T09:57:40,1,Sherbet Land,37001
42002,14,11001,,2010-09-09T10:02:42,1,Peach Beach,37001
43002,13,11001,,2010-09-09T10:00:33,1,Baby Park,37001
44002,12,11001,,2010-09-09T10:00:16,1,Mario Circuit,37001
45001,8,11001,,2010-09-09T09:58:59,1,Dry Dry Desert,37001
46001,10,11001,,2010-09-09T09:59:34,1,Yoshi Circuit,37001
48001,11,11001,,2010-09-09T09:59:54,1,DK Mountain,37001
50002,15,11001,,2010-09-09T10:03:04,1,Mushroom Bridge,37001
3002,8,11001,,2010-09-09T10:41:22,1,Mario Circuit,54001
10004,14,11001,,2010-09-09T10:44:24,1,Baby Park,54001
11005,9,11001,,2010-09-09T10:42:03,1,DK Mountain,54001
15003,2,11001,,2010-09-09T10:05:59,1,Daisy Cruiser,54001
22003,3,11001,,2010-09-09T10:06:22,1,Sherbet Land,54001
24003,5,11001,,2010-09-09T10:40:08,1,Mushroom Bridge,54001
27002,11,11001,,2010-09-09T10:43:17,1,Peach Beach,54001
35002,1,11001,,2010-09-09T10:05:23,1,Luigi Circuit,54001
35003,7,11001,,2010-09-09T10:40:47,1,Bowser Castle,54001
43004,15,11001,,2010-09-09T10:44:59,1,Mushroom City,54001
44005,6,11001,,2010-09-09T10:40:26,1,Dry Dry Desert,54001
55003,13,11001,,2010-09-09T10:43:52,1,Dino Dino Jungle,54001
59001,4,11001,,2010-09-09T10:39:40,1,Yoshi Circuit,54001
63001,10,11001,,2010-09-09T10:42:51,1,Wario Colosseum,54001
63002,12,11001,,2010-09-09T10:43:39,1,Waluigi Stadium,54001
65001,16,11001,total collapse for tom,2010-09-12T01:38:25,1,Rainbow Road,54001
68004,2,11001,,2010-09-16T06:09:57,1,Bowser Castle,67002
79005,10,11001,,2010-09-16T06:31:12,1,Waluigi Stadium,67002
84006,14,11001,,2010-09-16T06:41:59,1,DK Mountain,67002
88002,6,11001,,2010-09-16T06:21:09,1,Sherbet Land,67002
89002,8,11001,,2010-09-16T06:25:24,1,Baby Park,67002
90004,16,11001,,2010-09-16T06:50:01,1,Rainbow Road,67002
99003,3,11001,,2010-09-16T06:12:31,1,Daisy Cruiser,67002
99004,15,11001,,2010-09-16T06:45:19,1,Wario Colosseum,67002
100003,11,11001,,2010-09-16T06:34:08,1,Dino Dino Jungle,67002
102003,12,11001,,2010-09-16T06:36:11,1,Mushroom Bridge,67002
105002,7,11001,,2010-09-16T06:23:14,1,Peach Beach,67002
117002,13,11001,,2010-09-16T06:38:43,1,Mario Circuit,67002
122001,1,11001,,2010-09-16T06:05:55,1,Luigi Circuit,67002
126002,4,11001,,2010-09-16T06:15:43,1,Yoshi Circuit,67002
127001,5,11001,,2010-09-16T06:18:56,1,Mushroom City,67002
131001,9,11001,,2010-09-16T06:28:10,1,Dry Dry Desert,67002
68002,11,11001,,2010-09-16T03:52:55,1,DK Mountain,69001
70001,1,11001,,2010-09-16T03:19:39,1,Luigi Circuit,69001
73001,2,11001,,2010-09-16T03:23:56,1,Daisy Cruiser,69001
76001,3,11001,,2010-09-16T03:30:47,1,Wario Colosseum,69001
77002,16,11001,,2010-09-16T04:10:07,1,Rainbow Road,69001
79001,4,11001,,2010-09-16T03:31:04,1,Mushroom Bridge,69001
79002,12,11001,,2010-09-16T03:56:30,1,Mushroom City,69001
82001,5,11001,,2010-09-16T03:34:12,1,Waluigi Stadium,69001
85001,6,11001,,2010-09-16T03:37:59,1,Bowser Castle,69001
88001,7,11001,,2010-09-16T03:40:56,1,Peach Beach,69001
91001,8,11001,,2010-09-16T03:43:16,1,Baby Park,69001
92001,9,11001,,2010-09-16T03:46:46,1,Yoshi Circuit,69001
94001,10,11001,,2010-09-16T03:49:35,1,Dry Dry Desert,69001
99001,13,11001,,2010-09-16T03:59:18,1,Mario Circuit,69001
100001,14,11001,,2010-09-16T04:01:42,1,Sherbet Land,69001
102001,15,11001,,2010-09-16T04:04:45,1,Dino Dino Jungle,69001
72007,8,11001,fireball spins us both out on lap 3 shortcut. nick goes in tom doesnt,2010-09-24T03:44:17,1,Bowser Castle,94005
79007,1,11001,,2010-09-24T03:22:58,1,Luigi Circuit,94005
88006,14,11001,,2010-09-24T04:01:44,1,Baby Park,94005
105004,4,11001,tom from out front. no blues,2010-09-24T03:31:11,1,Yoshi Circuit,94005
106004,12,11001,,2010-09-24T03:56:56,1,Daisy Cruiser,94005
117003,13,11001,,2010-09-24T03:59:11,1,Peach Beach,94005
119007,15,11001,nick pulls three reds in final turn to take win. he started singing,2010-09-24T04:05:01,1,Dino Dino Jungle,94005
128003,10,11001,,2010-09-24T03:49:26,1,Sherbet Land,94005
136003,6,11001,"really close in last straight. blue gets nick, tom in blast spun. bumping but nick takes it",2010-09-24T03:37:12,1,Wario Colosseum,94005
139003,16,11001,,2010-09-24T04:09:52,1,Rainbow Road,94005
142001,2,11001,,2010-09-24T03:25:27,1,Mushroom Bridge,94005
144001,3,11001,,2010-09-24T03:28:08,1,Mushroom City,94005
145001,5,11001,blue got nick and it cost him on lap 2,2010-09-24T03:33:42,1,Mario Circuit,94005
145002,9,11001,,2010-09-24T03:46:55,1,Dry Dry Desert,94005
147001,7,11001,,2010-09-24T03:40:26,1,Waluigi Stadium,94005
153001,11,11001,"home straight nick tells tom to throw shell back, tom does and knocks cpu in 2nd back to 3rd. dumb tom",2010-09-24T03:54:23,1,DK Mountain,94005
70002,16,11001,,2010-09-16T05:07:44,1,Rainbow Road,103001
71003,13,11001,,2010-09-16T04:57:33,1,Dino Dino Jungle,103001
82003,6,11001,,2010-09-16T04:34:33,1,Wario Colosseum,103001
84004,5,11001,,2010-09-16T04:30:31,1,Baby Park,103001
90002,3,11001,,2010-09-16T04:22:28,1,Waluigi Stadium,103001
93002,2,11001,,2010-09-16T04:18:36,1,Mushroom Bridge,103001
104001,1,11001,,2010-09-16T04:15:53,1,Luigi Circuit,103001
104002,7,11001,,2010-09-16T04:37:22,1,Mario Circuit,103001
108001,4,11001,,2010-09-16T04:27:45,1,Bowser Castle,103001
110001,8,11001,,2010-09-16T04:40:15,1,Yoshi Circuit,103001
112002,10,11001,,2010-09-16T04:47:03,1,Dry Dry Desert,103001
113001,9,11001,,2010-09-16T04:43:40,1,DK Mountain,103001
116001,11,11001,,2010-09-16T04:50:56,1,Daisy Cruiser,103001
118001,12,11001,,2010-09-16T04:53:59,1,Mushroom City,103001
119002,15,11001,,2010-09-16T05:02:19,1,Peach Beach,103001
120001,14,11001,,2010-09-16T04:59:57,1,Sherbet Land,103001
71004,6,11001,,2010-09-17T04:06:16,1,Mushroom Bridge,114003
82004,14,11001,,2010-09-17T04:30:33,1,Mushroom City,114003
84007,8,11001,,2010-09-17T04:12:07,1,Peach Beach,114003
90005,1,11001,,2010-09-17T03:49:36,1,Luigi Circuit,114003
92003,4,11001,,2010-09-17T03:59:44,1,Wario Colosseum,114003
96002,7,11001,,2010-09-17T04:09:21,1,Dry Dry Desert,114003
100005,9,11001,,2010-09-17T04:14:34,1,Mario Circuit,114003
101002,5,11001,,2010-09-17T04:03:24,1,Bowser Castle,114003
110002,3,11001,,2010-09-17T03:56:15,1,Yoshi Circuit,114003
120002,12,11001,,2010-09-17T04:25:54,1,Waluigi Stadium,114003
125003,11,11001,,2010-09-17T04:21:38,1,DK Mountain,114003
125004,15,11001,,2010-09-17T04:33:56,1,Dino Dino Jungle,114003
133001,2,11001,,2010-09-17T03:52:47,1,Daisy Cruiser,114003
134001,10,11001,,2010-09-17T04:18:06,1,Sherbet Land,114003
134002,16,11001,,2010-09-17T04:38:53,1,Rainbow Road,114003
135002,13,11001,,2010-09-17T04:27:47,1,Baby Park,114003
81004,8,11001,,2010-09-24T04:36:08,1,Mushroom Bridge,133003
82006,5,11001,,2010-09-24T04:28:19,1,Dino Dino Jungle,133003
86003,10,11001,,2010-09-24T04:47:14,1,Mushroom City,133003
88007,1,11001,two blues got nick at the start of lap 3,2010-09-24T04:16:20,1,Luigi Circuit,133003
88008,6,11001,random green avalanche. but that didnt cost win but it almost put tom in third almost fourth,2010-09-24T04:31:22,1,Peach Beach,133003
100006,7,11001,,2010-09-24T04:33:59,1,Sherbet Land,133003
108005,12,11001,tom puts his controller down after lap 2. rookie mistake,2010-09-24T04:54:18,1,Waluigi Stadium,133003
112005,16,11001,epic collapse by nick. he needed 4th to win cup. took 5th. hit a fakey in 3rd fell to 5th then ran into the back of 4th twice for 5th.,2010-09-24T05:08:41,1,Rainbow Road,133003
123006,11,11001,late blue gets nick. tom tries to boost through nick but green sitting behind trips tom,2010-09-24T04:50:51,1,Wario Colosseum,133003
133004,3,11001,,2010-09-24T04:24:38,1,Baby Park,133003
139004,9,11001,,2010-09-24T04:39:40,1,Yoshi Circuit,133003
143004,4,11001,,2010-09-24T04:25:15,1,Mario Circuit,133003
153003,15,11001,,2010-09-24T05:03:33,1,Bowser Castle,133003
154001,2,11001,,2010-09-24T04:19:11,1,DK Mountain,133003
156001,13,11001,,2010-09-24T04:56:57,1,Daisy Cruiser,133003
157001,14,11001,,2010-09-24T04:59:57,1,Dry Dry Desert,133003
80003,5,11001,,2010-09-17T04:55:01,1,Mario Circuit,137001
89004,13,11001,,2010-09-17T05:21:05,1,Bowser Castle,137001
95003,14,11001,,2010-09-17T05:23:56,1,Yoshi Circuit,137001
96005,4,11001,,2010-09-17T04:52:16,1,Baby Park,137001
103003,1,11001,,2010-09-17T04:43:17,1,Luigi Circuit,137001
104004,8,11001,,2010-09-17T05:04:33,1,Peach Beach,137001
114004,11,11001,,2010-09-17T05:13:10,1,Sherbet Land,137001
119004,9,11001,,2010-09-17T05:07:35,1,Dino Dino Jungle,137001
119005,16,11001,,2010-09-17T05:32:23,1,Rainbow Road,137001
123003,7,11001,,2010-09-17T05:02:12,1,DK Mountain,137001
123004,15,11001,,2010-09-17T05:27:28,1,Wario Colosseum,137001
131002,10,11001,,2010-09-17T05:10:32,1,Mushroom City,137001
134003,6,11001,,2010-09-17T04:57:33,1,Mushroom Bridge,137001
138001,2,11001,,2010-09-17T04:46:41,1,Waluigi Stadium,137001
139001,3,11001,,2010-09-17T04:50:19,1,Dry Dry Desert,137001
140002,12,11001,,2010-09-17T05:17:17,1,Daisy Cruiser,137001
162001,1,11001,,2010-10-01T04:07:03,1,Luigi Circuit,161001
162002,9,11001,,2010-10-01T04:29:25,1,Dry Dry Desert,161001
164002,8,11001,,2010-10-01T04:26:27,1,Mushroom City,161001
165001,2,11001,,2010-10-01T04:09:53,1,Mario Circuit,161001
167003,5,11001,,2010-10-01T04:19:10,1,Sherbet Land,161001
168001,3,11001,,2010-10-01T04:13:05,1,DK Mountain,161001
170001,4,11001,,2010-10-01T04:16:40,1,Dino Dino Jungle,161001
172002,7,11001,,2010-10-01T04:23:47,1,Mushroom Bridge,161001
175001,6,11001,,2010-10-01T04:21:28,1,Peach Beach,161001
184001,10,11001,,2010-10-01T04:32:13,1,Baby Park,161001
185002,16,11001,,2010-10-01T04:55:23,1,Rainbow Road,161001
187001,11,11001,,2010-10-01T04:35:49,1,Wario Colosseum,161001
189001,12,11001,,2010-10-01T04:39:02,1,Daisy Cruiser,161001
192001,13,11001,,2010-10-01T04:42:56,1,Bowser Castle,161001
193001,14,11001,Super close. Three hundredths of a sec. Nick takes me in the last turn with no items.,2010-10-01T04:47:53,1,Waluigi Stadium,161001
196001,15,11001,,2010-10-01T04:50:42,1,Yoshi Circuit,161001
159002,1,11001,,2010-10-07T04:10:09,1,Luigi Circuit,169003
159003,8,11001,,2010-10-07T04:27:51,1,Dry Dry Desert,169003
167005,2,11001,,2010-10-07T04:12:39,1,Mushroom City,169003
167006,11,11001,,2010-10-07T04:36:33,1,Yoshi Circuit,169003
168002,4,11001,,2010-10-07T04:18:31,1,Mario Circuit,169003
188002,14,11001,,2010-10-07T04:46:26,1,Daisy Cruiser,169003
196002,6,11001,,2010-10-07T04:22:44,1,Peach Beach,169003
196003,7,11001,,2010-10-07T04:24:46,1,Sherbet Land,169003
204002,3,11001,,2010-10-07T04:15:55,1,DK Mountain,169003
205004,12,11001,,2010-10-07T04:39:37,1,Dino Dino Jungle,169003
221002,13,11001,,2010-10-07T04:43:43,1,Waluigi Stadium,169003
225002,16,11001,,2010-10-07T04:55:22,1,Rainbow Road,169003
234001,5,11001,,2010-10-07T04:20:41,1,Baby Park,169003
238001,9,11001,,2010-10-07T04:31:08,1,Wario Colosseum,169003
239001,10,11001,,2010-10-07T04:33:19,1,Mushroom Bridge,169003
241001,15,11001,,2010-10-07T04:50:26,1,Bowser Castle,169003
167004,3,11001,,2010-10-01T05:08:50,1,Wario Colosseum,194002
172004,14,11001,,2010-10-01T05:42:33,1,Sherbet Land,194002
174003,5,11001,Three blues in the first lap. One each of last two laps. Four of five hit Nick.,2010-10-01T05:16:04,1,Yoshi Circuit,194002
185003,9,11001,"Nick takes blue in last lap, tom FTW",2010-10-01T05:27:19,1,Baby Park,194002
189002,1,11001,,2010-10-01T05:02:21,1,Luigi Circuit,194002
190003,2,11001,,2010-10-01T05:05:40,1,Dino Dino Jungle,194002
190004,16,11001,,2010-10-01T05:50:01,1,Rainbow Road,194002
191003,12,11001,,2010-10-01T05:37:17,1,Mushroom City,194002
197002,7,11001,,2010-10-01T05:21:56,1,Peach Beach,194002
198003,8,11001,,2010-10-01T05:24:31,1,Mario Circuit,194002
198004,10,11001,,2010-10-01T05:30:23,1,DK Mountain,194002
203002,11,11001,Tom hits banana on last jump,2010-10-01T05:34:52,1,Bowser Castle,194002
204001,4,11001,,2010-10-01T05:12:18,1,Waluigi Stadium,194002
208002,6,11001,Nick takes blue in last straight Tom spins for the win,2010-10-01T05:19:57,1,Dry Dry Desert,194002
212001,13,11001,,2010-10-01T05:40:09,1,Daisy Cruiser,194002
216001,15,11001,,2010-10-01T05:44:57,1,Mushroom Bridge,194002
171004,3,11001,,2010-10-07T03:20:05,1,Bowser Castle,220002
173004,16,11001,,2010-10-07T04:03:18,1,Rainbow Road,220002
177002,13,11001,,2010-10-07T03:51:39,1,DK Mountain,220002
181002,2,11001,,2010-10-07T03:15:54,1,Mario Circuit,220002
182002,10,11001,,2010-10-07T03:42:55,1,Dino Dino Jungle,220002
184002,11,11001,,2010-10-07T03:45:34,1,Daisy Cruiser,220002
205002,14,11001,,2010-10-07T03:55:14,1,Yoshi Circuit,220002
208003,12,11001,,2010-10-07T03:48:10,1,Dry Dry Desert,220002
218002,5,11001,,2010-10-07T03:24:53,1,Sherbet Land,220002
220003,15,11001,,2010-10-07T03:58:09,1,Mushroom Bridge,220002
222001,1,11001,,2010-10-07T03:12:49,1,Luigi Circuit,220002
225001,4,11001,,2010-10-07T03:22:37,1,Peach Beach,220002
226001,6,11001,Tom in second throws big banana forward instead of back. Falls off jump twice of own bananas. Then gets passed into eighth trying to mini turbo in last straight,2010-10-07T03:31:00,1,Waluigi Stadium,220002
228001,7,11001,,2010-10-07T03:34:27,1,Wario Colosseum,220002
229001,8,11001,,2010-10-07T03:37:11,1,Mushroom City,220002
231001,9,11001,,2010-10-07T03:39:26,1,Baby Park,220002
245001,1,11001,Blue gets Nick in last turn,2010-10-13T03:14:19,1,Luigi Circuit,244001
245002,16,11001,,2010-10-13T03:54:53,1,Rainbow Road,244001
248001,2,11001,,2010-10-13T03:16:55,1,Daisy Cruiser,244001
248002,13,11001,,2010-10-13T03:45:19,1,Mushroom City,244001
251001,3,11001,,2010-10-13T03:19:54,1,DK Mountain,244001
254001,4,11001,,2010-10-13T03:21:44,1,Peach Beach,244001
254002,9,11001,,2010-10-13T03:33:57,1,Baby Park,244001
257001,5,11001,,2010-10-13T03:24:30,1,Dino Dino Jungle,244001
257002,7,11001,,2010-10-13T03:29:40,1,Yoshi Circuit,244001
259001,6,11001,,2010-10-13T03:26:42,1,Sherbet Land,244001
263001,8,11001,,2010-10-13T03:32:12,1,Dry Dry Desert,244001
267001,10,11001,,2010-10-13T03:37:05,1,Wario Colosseum,244001
267002,11,11001,,2010-10-13T03:39:13,1,Mushroom Bridge,244001
271001,12,11001,,2010-10-13T03:42:49,1,Bowser Castle,244001
274001,14,11001,,2010-10-13T03:47:45,1,Mario Circuit,244001
275001,15,11001,,2010-10-13T03:50:45,1,Waluigi Stadium,244001
281001,1,11001,,2010-10-28T04:26:17,1,Luigi Circuit,280001
284001,2,11001,,2010-10-28T04:28:49,1,Mushroom Bridge,280001
287001,3,11001,,2010-10-28T04:30:59,1,Baby Park,280001
289001,4,11001,,2010-10-28T04:35:15,1,Bowser Castle,280001
292001,5,11001,,2010-10-28T04:38:19,1,Dino Dino Jungle,280001
295001,6,11001,,2010-10-28T04:41:50,1,Wario Colosseum,280001
298001,7,11001,,2010-10-28T04:44:48,1,Mario Circuit,280001
298002,10,11001,,2010-10-28T04:54:13,1,Waluigi Stadium,280001
301001,8,11001,,2010-10-28T04:47:37,1,Dry Dry Desert,280001
304001,9,11001,Fuck upon you husky!,2010-10-28T04:51:11,1,Mushroom City,280001
308001,11,11001,,2010-10-28T04:57:39,1,DK Mountain,280001
311001,12,11001,,2010-10-28T05:00:06,1,Sherbet Land,280001
314001,13,11001,,2010-10-28T05:09:00,1,Peach Beach,280001
316001,14,11001,,2010-10-28T05:09:28,1,Yoshi Circuit,280001
318001,15,11001,,2010-10-28T05:12:37,1,Daisy Cruiser,280001
321001,16,11001,,2010-10-28T05:17:27,1,Rainbow Road,280001
282002,15,11001,,2010-10-28T06:12:21,1,Wario Colosseum,323001
283003,7,11001,,2010-10-28T05:45:02,1,DK Mountain,323001
286002,4,11001,,2010-10-28T05:36:39,1,Daisy Cruiser,323001
291002,14,11001,,2010-10-28T06:09:14,1,Mushroom Bridge,323001
306002,10,11001,,2010-10-28T06:05:28,1,Mushroom City,323001
321002,3,11001,,2010-10-28T05:34:08,1,Peach Beach,323001
321003,12,11001,Shelley Duncan!,2010-10-28T06:06:11,1,Sherbet Land,323001
324001,1,11001,,2010-10-28T05:27:46,1,Luigi Circuit,323001
327001,2,11001,,2010-10-28T05:31:40,1,Bowser Castle,323001
329001,5,11001,,2010-10-28T05:39:15,1,Mario Circuit,323001
332001,6,11001,,2010-10-28T05:42:03,1,Dry Dry Desert,323001
333002,11,11001,,2010-10-28T06:05:41,1,Yoshi Circuit,323001
335001,8,11001,,2010-10-28T05:47:50,1,Baby Park,323001
337001,9,11001,,2010-10-28T05:51:25,1,Waluigi Stadium,323001
345001,13,11001,,2010-10-28T06:06:38,1,Dino Dino Jungle,323001
348001,16,11001,,2010-10-28T06:17:06,1,Rainbow Road,323001
283004,4,11001,,2010-10-28T06:33:49,1,Dino Dino Jungle,338002
289002,10,11001,,2010-10-28T06:57:34,1,Mushroom City,338002
307003,14,11001,,2010-10-28T07:04:56,1,DK Mountain,338002
307004,16,11001,,2010-10-28T07:11:48,1,Rainbow Road,338002
309002,12,11001,,2010-10-28T06:57:57,1,Waluigi Stadium,338002
320002,3,11001,,2010-10-28T06:30:58,1,Daisy Cruiser,338002
322005,5,11001,,2010-10-28T06:35:51,1,Baby Park,338002
325003,6,11001,,2010-10-28T06:38:36,1,Mario Circuit,338002
328002,13,11001,,2010-10-28T07:01:55,1,Bowser Castle,338002
329003,1,11001,,2010-10-28T06:25:12,1,Luigi Circuit,338002
343003,15,11001,,2010-10-28T07:07:19,1,Mushroom Bridge,338002
346002,9,11001,,2010-10-28T06:47:35,1,Sherbet Land,338002
348002,2,11001,,2010-10-28T06:28:04,1,Dry Dry Desert,338002
354001,7,11001,,2010-10-28T06:41:32,1,Wario Colosseum,338002
355001,8,11001,,2010-10-28T06:45:27,1,Peach Beach,338002
361001,11,11001,,2010-10-28T06:57:44,1,Yoshi Circuit,338002
370003,11,11001,,2010-11-11T05:12:30,1,DK Mountain,369001
371001,1,11001,,2010-11-11T04:42:13,1,Luigi Circuit,369001
374001,2,11001,,2010-11-11T04:45:27,1,Yoshi Circuit,369001
377001,3,11001,,2010-11-11T04:49:07,1,Dry Dry Desert,369001
380001,4,11001,,2010-11-11T04:51:21,1,Mushroom Bridge,369001
383001,5,11001,,2010-11-11T04:54:30,1,Dino Dino Jungle,369001
385001,6,11001,,2010-11-11T04:57:40,1,Sherbet Land,369001
388001,7,11001,,2010-11-11T05:00:41,1,Wario Colosseum,369001
391001,8,11001,,2010-11-11T05:03:30,1,Mario Circuit,369001
393001,9,11001,,2010-11-11T05:06:24,1,Mushroom City,369001
395001,10,11001,,2010-11-11T05:09:23,1,Daisy Cruiser,369001
400001,12,11001,,2010-11-11T05:15:20,1,Waluigi Stadium,369001
403001,13,11001,,2010-11-11T05:17:37,1,Peach Beach,369001
405002,15,11001,,2010-11-11T05:23:38,1,Baby Park,369001
406001,14,11001,,2010-11-11T05:21:32,1,Bowser Castle,369001
411001,16,11001,,2010-11-11T05:28:52,1,Rainbow Road,369001
368003,9,11001,,2010-11-11T06:01:32,1,Mushroom City,412001
368004,15,11001,,2010-11-11T06:18:19,1,Dino Dino Jungle,412001
377002,14,11001,,2010-11-11T06:15:01,1,DK Mountain,412001
378002,4,11001,,2010-11-11T05:46:39,1,Mushroom Bridge,412001
387002,8,11001,,2010-11-11T05:58:58,1,Dry Dry Desert,412001
413001,1,11001,Nick says Tom is a CheAter,2010-11-11T05:39:05,1,Luigi Circuit,412001
416001,2,11001,Tom had m√©nage a trios con shy guys with beyonce,2010-11-11T05:41:45,1,Sherbet Land,412001
419001,3,11001,Goombas from godfather,2010-11-11T05:44:42,1,Mario Circuit,412001
424001,5,11001,,2010-11-11T05:51:05,1,Wario Colosseum,412001
427001,6,11001,,2010-11-11T05:53:33,1,Daisy Cruiser,412001
428002,10,11001,,2010-11-11T06:03:36,1,Baby Park,412001
429001,7,11001,,2010-11-11T05:56:17,1,Waluigi Stadium,412001
433001,11,11001,,2010-11-11T06:07:12,1,Bowser Castle,412001
436001,12,11001,,2010-11-11T06:09:14,1,Peach Beach,412001
438001,13,11001,,2010-11-11T06:12:02,1,Yoshi Circuit,412001
441001,16,11001,,2010-11-11T06:22:43,1,Rainbow Road,412001
443002,9,11001,,2010-11-21T01:54:51,1,Wario Colosseum,443001
444001,1,11001,,2010-11-21T01:34:42,1,Luigi Circuit,443001
447001,2,11001,,2010-11-21T01:34:54,1,Baby Park,443001
450001,3,11001,,2010-11-21T01:37:33,1,Dry Dry Desert,443001
453001,4,11001,,2010-11-21T01:40:20,1,Daisy Cruiser,443001
456001,5,11001,,2010-11-21T01:42:49,1,Peach Beach,443001
459001,6,11001,,2010-11-21T01:46:43,1,Bowser Castle,443001
460002,11,11001,,2010-11-21T02:00:20,1,Mushroom City,443001
460003,15,11001,,2010-11-21T02:12:24,1,Dino Dino Jungle,443001
461001,7,11001,,2010-11-21T01:48:35,1,Mushroom Bridge,443001
462001,8,11001,,2010-11-21T01:51:48,1,Yoshi Circuit,443001
467001,10,11001,,2010-11-21T01:57:36,1,Mario Circuit,443001
471001,12,11001,,2010-11-21T02:03:07,1,Waluigi Stadium,443001
474001,13,11001,,2010-11-21T02:06:35,1,DK Mountain,443001
476002,14,11001,,2010-11-21T02:09:09,1,Sherbet Land,443001
480001,16,11001,,2010-11-21T02:16:48,1,Rainbow Road,443001
449002,2,11001,,2010-11-21T07:02:34,1,DK Mountain,481001
451002,10,11001,,2010-11-21T07:23:40,1,Dino Dino Jungle,481001
452003,8,11001,,2010-11-21T07:18:42,1,Dry Dry Desert,481001
454004,3,11001,,2010-11-21T07:04:47,1,Baby Park,481001
456002,14,11001,,2010-11-21T07:34:57,1,Sherbet Land,481001
482001,1,11001,,2010-11-21T06:58:55,1,Luigi Circuit,481001
484002,11,11001,,2010-11-21T07:26:24,1,Yoshi Circuit,481001
485001,4,11001,,2010-11-21T07:07:08,1,Mario Circuit,481001
486002,16,11001,,2010-11-21T07:42:48,1,Rainbow Road,481001
488001,5,11001,,2010-11-21T07:09:32,1,Daisy Cruiser,481001
491001,6,11001,,2010-11-21T07:12:18,1,Mushroom City,481001
494001,7,11001,,2010-11-21T07:15:54,1,Bowser Castle,481001
499001,9,11001,,2010-11-21T07:20:44,1,Peach Beach,481001
504001,12,11001,,2010-11-21T07:29:33,1,Waluigi Stadium,481001
507001,13,11001,,2010-11-21T07:33:02,1,Wario Colosseum,481001
510001,15,11001,,2010-11-21T07:37:34,1,Mushroom Bridge,481001
515001,1,11001,,2010-12-04T02:04:19,1,Luigi Circuit,514001
518001,2,11001,,2010-12-04T02:06:57,1,Mushroom City,514001
519002,6,11001,,2010-12-04T02:19:45,1,Waluigi Stadium,514001
521001,3,11001,,2010-12-04T02:10:03,1,Peach Beach,514001
524001,4,11001,,2010-12-04T02:12:56,1,Dino Dino Jungle,514001
524003,9,11001,,2010-12-04T02:28:04,1,Bowser Castle,514001
527001,5,11001,,2010-12-04T02:16:18,1,Wario Colosseum,514001
530001,7,11001,,2010-12-04T02:21:46,1,Mushroom Bridge,514001
531001,8,11001,,2010-12-04T02:23:47,1,Baby Park,514001
534001,10,11001,,2010-12-04T02:31:02,1,DK Mountain,514001
535002,12,11001,,2010-12-04T02:36:14,1,Dry Dry Desert,514001
537001,11,11001,,2010-12-04T02:33:38,1,Daisy Cruiser,514001
541001,13,11001,,2010-12-04T02:38:23,1,Sherbet Land,514001
544001,14,11001,,2010-12-04T02:41:07,1,Mario Circuit,514001
545001,15,11001,,2010-12-04T02:44:00,1,Yoshi Circuit,514001
548001,16,11001,,2010-12-04T02:48:08,1,Rainbow Road,514001
532002,15,11001,,2010-12-04T05:21:24,1,Baby Park,551001
537002,1,11001,,2010-12-04T04:42:23,1,Luigi Circuit,551001
544002,12,11001,3-0t,2010-12-04T05:13:08,1,Dry Dry Desert,551001
552001,2,11001,,2010-12-04T04:45:13,1,Waluigi Stadium,551001
552002,14,11001,2-1t,2010-12-04T05:18:36,1,Dino Dino Jungle,551001
555001,3,11001,,2010-12-04T04:48:12,1,Daisy Cruiser,551001
555002,11,11001,2-1t,2010-12-04T05:10:42,1,Bowser Castle,551001
556001,4,11001,,2010-12-04T04:51:10,1,DK Mountain,551001
558001,5,11001,1-1,2010-12-04T04:54:29,1,Wario Colosseum,551001
559002,7,11001,2-1t,2010-12-04T05:00:01,1,Mushroom Bridge,551001
561001,6,11001,3-0 nic,2010-12-04T04:57:22,1,Mario Circuit,551001
566001,8,11001,2-1t,2010-12-04T05:01:58,1,Peach Beach,551001
569001,9,11001,3-0t,2010-12-04T05:04:30,1,Yoshi Circuit,551001
572001,10,11001,3-0 t,2010-12-04T05:07:13,1,Mushroom City,551001
575001,13,11001,3-0t,2010-12-04T05:15:33,1,Sherbet Land,551001
579001,16,11001,2-1n,2010-12-04T05:25:54,1,Rainbow Road,551001
519005,12,11001,3-0 t,2010-12-04T06:28:46,1,Mushroom Bridge,580001
520003,5,11001,3-0t,2010-12-04T06:09:20,1,DK Mountain,580001
521002,1,11001,2-1n,2010-12-04T05:58:18,1,Luigi Circuit,580001
541003,15,11001,3-0 t,2010-12-04T06:36:26,1,Daisy Cruiser,580001
548002,10,11001,3-0t,2010-12-04T06:23:39,1,Mario Circuit,580001
549003,11,11001,2-0 t,2010-12-04T06:26:44,1,Wario Colosseum,580001
569002,8,11001,3-0n,2010-12-04T06:19:17,1,Dry Dry Desert,580001
577002,3,11001,2-1n,2010-12-04T06:04:22,1,Yoshi Circuit,580001
578002,14,11001,2-1t,2010-12-04T06:33:50,1,Mushroom City,580001
581001,2,11001,2-1t,2010-12-04T06:01:20,1,Waluigi Stadium,580001
584001,4,11001,3-0t,2010-12-04T06:06:15,1,Peach Beach,580001
589001,6,11001,2-1n. ,2010-12-04T06:12:45,1,Dino Dino Jungle,580001
592001,7,11001,2-1t,2010-12-04T06:16:29,1,Bowser Castle,580001
594001,9,11001,Sweep t,2010-12-04T06:21:19,1,Baby Park,580001
597001,13,11001,3-0 t,2010-12-04T06:30:58,1,Sherbet Land,580001
599001,16,11001,3-0n,2010-12-04T06:41:27,1,Rainbow Road,580001
601001,1,11001,2-1 n,2010-12-11T01:47:27,1,Luigi Circuit,600001
604001,2,11001,3-0t,2010-12-11T01:50:01,1,Daisy Cruiser,600001
607001,3,11001,3-0t,2010-12-11T01:54:17,1,DK Mountain,600001
608001,4,11001,3-0n,2010-12-11T01:57:28,1,Yoshi Circuit,600001
611001,5,11001,2-0t,2010-12-11T02:00:38,1,Wario Colosseum,600001
614001,6,11001,3-0n,2010-12-11T02:02:56,1,Mushroom Bridge,600001
617001,7,11001,Sweep t. Tom dodges blue midrace,2010-12-11T02:05:07,1,Baby Park,600001
620001,8,11001,Sweep t,2010-12-11T02:09:21,1,Dry Dry Desert,600001
622002,12,11001,Fully stolen combo of blue and lightning hits Tom on last jump. 3-0 n,2010-12-11T02:22:04,1,Waluigi Stadium,600001
623001,9,11001,3-0 n,2010-12-11T02:11:35,1,Peach Beach,600001
626001,10,11001,3-0 n,2010-12-11T02:14:20,1,Mario Circuit,600001
629001,11,11001,Sweep n,2010-12-11T02:18:04,1,Bowser Castle,600001
633001,13,11001,T sweep,2010-12-11T02:24:28,1,Mushroom City,600001
637001,14,11001,Sweep Tom. T dodges blue late in 3rd lap,2010-12-11T02:27:37,1,Sherbet Land,600001
644001,15,11001,Sweep,2010-12-11T02:31:11,1,Dino Dino Jungle,600001
647001,16,11001,Sweep n,2010-12-11T02:36:05,1,Rainbow Road,600001
606002,15,11001,,2010-12-11T03:20:47,1,Peach Beach,650001
619002,12,11001,,2010-12-11T03:12:47,1,Mario Circuit,650001
625002,5,11001,1-1,2010-12-11T02:52:31,1,Wario Colosseum,650001
641002,13,11001,,2010-12-11T03:15:30,1,Mushroom City,650001
649002,7,11001,,2010-12-11T03:00:29,1,Waluigi Stadium,650001
651001,1,11001,2-1t,2010-12-11T02:41:16,1,Luigi Circuit,650001
654001,2,11001,2-1t,2010-12-11T02:43:27,1,Sherbet Land,650001
656001,3,11001,3-0t,2010-12-11T02:46:12,1,Yoshi Circuit,650001
659001,4,11001,Swep t,2010-12-11T02:48:47,1,Daisy Cruiser,650001
661001,6,11001,,2010-12-11T02:57:18,1,Bowser Castle,650001
665001,8,11001,,2010-12-11T03:02:35,1,Baby Park,650001
666001,9,11001,,2010-12-11T03:04:37,1,Mushroom Bridge,650001
669001,10,11001,,2010-12-11T03:07:28,1,Dry Dry Desert,650001
671001,11,11001,,2010-12-11T03:10:14,1,Dino Dino Jungle,650001
676001,14,11001,,2010-12-11T03:18:42,1,DK Mountain,650001
681001,16,11001,,2010-12-11T03:25:28,1,Rainbow Road,650001
688001,1,11001,,2011-01-06T03:38:44,1,Luigi Circuit,687001
690002,7,11001,,2011-01-06T03:57:12,1,Bowser Castle,687001
691001,2,11001,,2011-01-06T03:41:11,1,Sherbet Land,687001
694001,3,11001,,2011-01-06T03:44:26,1,DK Mountain,687001
697001,4,11001,,2011-01-06T03:47:10,1,Peach Beach,687001
700001,5,11001,,2011-01-06T03:50:47,1,Wario Colosseum,687001
703001,6,11001,,2011-01-06T03:53:33,1,Yoshi Circuit,687001
708001,8,11001,,2011-01-06T04:00:16,1,Mushroom Bridge,687001
711001,9,11001,,2011-01-06T04:03:38,1,Dry Dry Desert,687001
714001,10,11001,,2011-01-06T04:06:47,1,Daisy Cruiser,687001
716001,11,11001,,2011-01-06T04:09:31,1,Dino Dino Jungle,687001
718001,12,11001,,2011-01-06T04:12:19,1,Waluigi Stadium,687001
721001,13,11001,,2011-01-06T04:14:30,1,Baby Park,687001
724001,14,11001,,2011-01-06T04:17:09,1,Mushroom City,687001
724002,16,11001,,2011-01-06T04:24:09,1,Rainbow Road,687001
725001,15,11001,,2011-01-06T04:19:57,1,Mario Circuit,687001
688002,3,11001,,2011-01-06T05:05:31,1,Waluigi Stadium,729001
700002,6,11001,,2011-01-06T05:12:40,1,Peach Beach,729001
704003,14,11001,,2011-01-06T05:36:30,1,Baby Park,729001
712002,9,11001,,2011-01-06T05:22:11,1,Dino Dino Jungle,729001
725002,7,11001,,2011-01-06T05:16:28,1,Bowser Castle,729001
730001,1,11001,,2011-01-06T04:59:47,1,Luigi Circuit,729001
733001,2,11001,,2011-01-06T05:02:33,1,Dry Dry Desert,729001
736001,4,11001,,2011-01-06T05:08:05,1,Mario Circuit,729001
738001,5,11001,,2011-01-06T05:10:21,1,Sherbet Land,729001
744001,8,11001,,2011-01-06T05:19:13,1,Mushroom City,729001
746001,10,11001,,2011-01-06T05:25:19,1,DK Mountain,729001
748001,11,11001,,2011-01-06T05:27:55,1,Mushroom Bridge,729001
751001,12,11001,,2011-01-06T05:31:09,1,Yoshi Circuit,729001
753001,13,11001,,2011-01-06T05:34:34,1,Wario Colosseum,729001
757001,15,11001,,2011-01-06T05:39:09,1,Daisy Cruiser,729001
760001,16,11001,,2011-01-06T05:43:36,1,Rainbow Road,729001
765001,1,11001,,2011-01-13T04:53:42,1,Luigi Circuit,764001
768001,2,11001,,2011-01-13T04:56:38,1,Daisy Cruiser,764001
771001,3,11001,blue gives it to tom last straight,2011-01-13T04:59:36,1,Yoshi Circuit,764001
774001,4,11001,,2011-01-13T05:03:43,1,Wario Colosseum,764001
777001,5,11001,,2011-01-13T05:06:36,1,Mushroom City,764001
780001,6,11001,,2011-01-13T05:08:42,1,Peach Beach,764001
782001,7,11001,,2011-01-13T05:11:14,1,Mushroom Bridge,764001
785001,8,11001,,2011-01-13T05:13:19,1,Sherbet Land,764001
788001,9,11001,,2011-01-13T05:15:00,1,Baby Park,764001
791001,10,11001,,2011-01-13T05:17:58,1,Waluigi Stadium,764001
793002,11,11001,,2011-01-13T05:26:00,1,Bowser Castle,764001
796001,12,11001,,2011-01-13T05:29:03,1,Dry Dry Desert,764001
799001,13,11001,,2011-01-13T05:31:31,1,Mario Circuit,764001
802001,14,11001,,2011-01-13T05:34:30,1,DK Mountain,764001
804001,15,11001,,2011-01-13T05:37:51,1,Dino Dino Jungle,764001
807001,16,11001,,2011-01-13T05:42:26,1,Rainbow Road,764001
811008,14,11001,,2011-05-06T05:31:13,811001,Daisy Cruiser,812001
812002,1,11001,,2011-05-06T04:55:15,811001,Luigi Circuit,812001
812004,5,11001,,2011-05-06T05:04:57,811001,Peach Beach,812001
812007,8,11001,,2011-05-06T05:13:54,811001,Dino Dino Jungle,812001
813002,6,11001,,2011-05-06T05:08:11,811001,DK Mountain,812001
813004,10,11001,,2011-05-06T05:19:28,811001,Baby Park,812001
814002,2,11001,,2011-05-06T04:57:57,811001,Waluigi Stadium,812001
814003,3,11001,,2011-05-06T05:00:05,811001,Mushroom Bridge,812001
814005,7,11001,,2011-05-06T05:11:08,811001,Wario Colosseum,812001
814007,11,11001,1:54.590 time trial conditions for tom,2011-05-06T05:21:51,811001,Mushroom City,812001
814010,15,11001,,2011-05-06T05:33:22,811001,Sherbet Land,812001
815002,4,11001,,2011-05-06T05:02:30,811001,Mario Circuit,812001
816007,16,11001,,2011-05-06T05:38:39,811001,Rainbow Road,812001
817004,13,11001,,2011-05-06T05:28:40,811001,Dry Dry Desert,812001
818002,9,11001,,2011-05-06T05:17:19,811001,Bowser Castle,812001
818003,12,11001,,2011-05-06T05:26:12,811001,Yoshi Circuit,812001
811013,7,11001,,2011-05-06T05:59:08,811001,Dino Dino Jungle,818004
811014,9,11001,,2011-05-06T06:04:07,811001,Wario Colosseum,818004
812011,5,11001,,2011-05-06T05:53:47,811001,Bowser Castle,818004
812013,11,11001,,2011-05-06T06:10:40,811001,Waluigi Stadium,818004
812014,14,11001,,2011-05-06T06:18:53,811001,Dry Dry Desert,818004
814014,13,11001,,2011-05-06T06:16:05,811001,Daisy Cruiser,818004
814015,15,11001,,2011-05-06T06:21:46,811001,DK Mountain,818004
815008,12,11001,Nick held the blue the entire race.,2011-05-06T06:13:32,811001,Mushroom City,818004
816008,1,11001,,2011-05-06T05:43:51,811001,Luigi Circuit,818004
816010,2,11001,,2011-05-06T05:45:58,811001,Sherbet Land,818004
817008,3,11001,,2011-05-06T05:48:10,811001,Baby Park,818004
817009,4,11001,,2011-05-06T05:50:09,811001,Mushroom Bridge,818004
817013,16,11001,,2011-05-06T06:26:15,811001,Rainbow Road,818004
818007,6,11001,,2011-05-06T05:56:22,811001,Yoshi Circuit,818004
818009,8,11001,,2011-05-06T06:01:10,811001,Peach Beach,818004
818010,10,11001,,2011-05-06T06:08:05,811001,Mario Circuit,818004
821006,6,11001,Both into the lava on final shortcut. No items in final boxes Tom wins withnlast power slide,2011-05-20T04:20:45,811001,Bowser Castle,821002
821007,9,11001,,2011-05-20T04:29:44,811001,Wario Colosseum,821002
822001,1,11001,Blue almost pushed Tom to 3rd. .5 seconds,2011-05-20T04:04:19,811001,Luigi Circuit,821002
822002,2,11001,,2011-05-20T04:06:42,811001,Mushroom Bridge,821002
822004,4,11001,Two blues gets Nick in final lap. Then we trade shells in final straight. Powerslides wins it for t,2011-05-20T04:14:00,811001,Yoshi Circuit,821002
822005,7,11001,Nick takes some lumps but gives up at end,2011-05-20T04:23:47,811001,Dry Dry Desert,821002
823002,5,11001,,2011-05-20T04:16:23,811001,Sherbet Land,821002
823004,8,11001,,2011-05-20T04:26:27,811001,Daisy Cruiser,821002
823007,16,11001,Tom ditched a blue shell intentionally,2011-05-20T04:51:16,811001,Rainbow Road,821002
825001,3,11001,,2011-05-20T04:10:05,811001,DK Mountain,821002
825003,10,11001,Tom hits Nick with blue from fifth to cost him the win,2011-05-20T04:33:32,811001,Waluigi Stadium,821002
825004,11,11001,,2011-05-20T04:35:48,811001,Baby Park,821002
825005,12,11001,,2011-05-20T04:38:09,811001,Mario Circuit,821002
825006,14,11001,,2011-05-20T04:42:58,811001,Mushroom City,821002
826003,15,11001,,2011-05-20T04:45:34,811001,Dino Dino Jungle,821002
827003,13,11001,,2011-05-20T04:40:01,811001,Peach Beach,821002
2,26,16001,,2010-09-25T21:44:39,1,Baby Park,7001
4005,37,16001,tom held blue last 4 laps,2010-09-25T22:21:13,1,Baby Park,7001
7002,8,16001,,2010-09-25T20:47:01,1,Baby Park,7001
8001,1,16001,,2010-09-25T20:26:33,1,Baby Park,7001
8003,11,16001,,2010-09-25T20:58:44,1,Baby Park,7001
8005,30,16001,,2010-09-25T21:57:16,1,Baby Park,7001
12003,23,16001,,2010-09-25T21:37:13,1,Baby Park,7001
13001,2,16001,,2010-09-25T20:30:12,1,Baby Park,7001
13002,3,16001,,2010-09-25T20:33:16,1,Baby Park,7001
14004,45,16001,,2010-09-25T22:48:47,1,Baby Park,7001
16002,31,16001,,2010-09-25T22:03:55,1,Baby Park,7001
17002,12,16001,,2010-09-25T21:01:00,1,Baby Park,7001
19001,4,16001,,2010-09-25T20:36:02,1,Baby Park,7001
19004,44,16001,,2010-09-25T22:43:22,1,Baby Park,7001
21002,15,16001,,2010-09-25T21:09:24,1,Baby Park,7001
22001,5,16001,,2010-09-25T20:38:31,1,Baby Park,7001
24003,22,16001,,2010-09-25T21:34:41,1,Baby Park,7001
25004,29,16001,,2010-09-25T21:54:19,1,Baby Park,7001
27001,6,16001,,2010-09-25T20:41:49,1,Baby Park,7001
27005,25,16001,,2010-09-25T21:41:58,1,Baby Park,7001
30002,21,16001,,2010-09-25T21:32:05,1,Baby Park,7001
30006,43,16001,,2010-09-25T22:40:39,1,Baby Park,7001
31001,7,16001,,2010-09-25T20:44:32,1,Baby Park,7001
31002,9,16001,,2010-09-25T20:49:21,1,Baby Park,7001
31007,33,16001,,2010-09-25T22:09:46,1,Baby Park,7001
31008,42,16001,,2010-09-25T22:37:18,1,Baby Park,7001
32003,13,16001,,2010-09-25T21:03:50,1,Baby Park,7001
33003,16,16001,,2010-09-25T21:11:59,1,Baby Park,7001
34005,35,16001,,2010-09-25T22:15:36,1,Baby Park,7001
38003,46,16001,,2010-09-25T22:51:45,1,Baby Park,7001
40001,10,16001,,2010-09-25T20:52:26,1,Baby Park,7001
40005,50,16001,"nick: what's gmr? gay motherfuckin retards? nick throws blue in last straight, goes 4th to 2nd.",2010-09-25T23:05:52,1,Baby Park,7001
41004,19,16001,,2010-09-25T21:22:27,1,Baby Park,7001
41006,39,16001,,2010-09-25T22:26:11,1,Baby Park,7001
45001,14,16001,,2010-09-25T21:07:04,1,Baby Park,7001
49001,17,16001,,2010-09-25T21:16:50,1,Baby Park,7001
51001,18,16001,,2010-09-25T21:20:03,1,Baby Park,7001
52003,38,16001,,2010-09-25T22:23:47,1,Baby Park,7001
53003,27,16001,bullshit lightning pull by tom on last lap,2010-09-25T21:47:28,1,Baby Park,7001
54003,32,16001,,2010-09-25T22:06:40,1,Baby Park,7001
55001,20,16001,,2010-09-25T21:25:09,1,Baby Park,7001
58003,48,16001,,2010-09-25T22:58:53,1,Baby Park,7001
59003,41,16001,"jeran got hit by 6 blues total, 4 in the last lap. ridic",2010-09-25T22:36:09,1,Baby Park,7001
63001,24,16001,,2010-09-25T21:39:30,1,Baby Park,7001
66002,28,16001,nick spoiler even though lap down,2010-09-25T21:50:55,1,Baby Park,7001
69003,49,16001,dan wins the day,2010-09-25T23:01:56,1,Baby Park,7001
70002,34,16001,,2010-09-25T22:12:47,1,Baby Park,7001
71002,47,16001,,2010-09-25T22:54:35,1,Baby Park,7001
72001,36,16001,,2010-09-25T22:18:36,1,Baby Park,7001
72002,40,16001,,2010-09-25T22:29:01,1,Baby Park,7001
79008,13,16001,,2011-03-20T07:33:53,1,Baby Park,81001
79017,26,16001,,2011-03-20T07:40:17,1,Baby Park,81001
79020,30,16001,,2011-03-20T07:41:27,1,Baby Park,81001
79023,34,16001,,2011-03-20T07:53:19,1,Baby Park,81001
79024,40,16001,,2011-03-20T07:55:22,1,Baby Park,81001
79030,48,16001,,2011-03-20T07:59:13,1,Baby Park,81001
79031,49,16001,,2011-03-20T07:59:31,1,Baby Park,81001
80006,9,16001,,2011-03-20T07:31:04,1,Baby Park,81001
80009,14,16001,,2011-03-20T07:34:08,1,Baby Park,81001
80011,16,16001,,2011-03-20T07:34:35,1,Baby Park,81001
80031,45,16001,,2011-03-20T07:58:26,1,Baby Park,81001
81005,7,16001,,2011-03-20T07:16:59,1,Baby Park,81001
81009,10,16001,,2011-03-20T07:31:29,1,Baby Park,81001
81012,15,16001,,2011-03-20T07:34:18,1,Baby Park,81001
81017,18,16001,,2011-03-20T07:35:03,1,Baby Park,81001
81019,21,16001,,2011-03-20T07:38:17,1,Baby Park,81001
81025,33,16001,,2011-03-20T07:53:03,1,Baby Park,81001
81028,36,16001,,2011-03-20T07:54:04,1,Baby Park,81001
81029,38,16001,,2011-03-20T07:54:48,1,Baby Park,81001
81030,39,16001,,2011-03-20T07:55:05,1,Baby Park,81001
82001,1,16001,,2011-03-20T07:14:55,1,Baby Park,81001
82003,3,16001,,2011-03-20T07:16:03,1,Baby Park,81001
82011,17,16001,,2011-03-20T07:34:48,1,Baby Park,81001
82015,23,16001,,2011-03-20T07:39:28,1,Baby Park,81001
82017,27,16001,,2011-03-20T07:40:35,1,Baby Park,81001
82018,29,16001,,2011-03-20T07:41:10,1,Baby Park,81001
82028,46,16001,,2011-03-20T07:58:41,1,Baby Park,81001
82030,47,16001,,2011-03-20T07:58:58,1,Baby Park,81001
83005,12,16001,,2011-03-20T07:33:37,1,Baby Park,81001
83009,19,16001,,2011-03-20T07:35:19,1,Baby Park,81001
83024,42,16001,,2011-03-20T07:57:35,1,Baby Park,81001
84002,2,16001,,2011-03-20T07:15:28,1,Baby Park,81001
84004,6,16001,,2011-03-20T07:16:47,1,Baby Park,81001
84009,11,16001,,2011-03-20T07:33:06,1,Baby Park,81001
84019,28,16001,,2011-03-20T07:40:51,1,Baby Park,81001
84023,37,16001,,2011-03-20T07:54:27,1,Baby Park,81001
84030,50,16001,,2011-03-20T07:59:49,1,Baby Park,81001
85003,5,16001,,2011-03-20T07:16:30,1,Baby Park,81001
85012,25,16001,,2011-03-20T07:39:57,1,Baby Park,81001
85016,31,16001,,2011-03-20T07:52:17,1,Baby Park,81001
85017,32,16001,,2011-03-20T07:52:46,1,Baby Park,81001
85020,35,16001,,2011-03-20T07:53:43,1,Baby Park,81001
85028,43,16001,,2011-03-20T07:57:54,1,Baby Park,81001
85030,44,16001,,2011-03-20T07:58:07,1,Baby Park,81001
86002,4,16001,,2011-03-20T07:16:16,1,Baby Park,81001
86006,8,16001,,2011-03-20T07:17:13,1,Baby Park,81001
86012,20,16001,,2011-03-20T07:35:37,1,Baby Park,81001
86013,22,16001,,2011-03-20T07:38:34,1,Baby Park,81001
86015,24,16001,,2011-03-20T07:39:43,1,Baby Park,81001
86025,41,16001,,2011-03-20T07:57:09,1,Baby Park,81001
79034,4,16001,,2011-03-20T08:15:41,1,Baby Park,81037
79038,12,16001,,2011-03-20T08:19:36,1,Baby Park,81037
79051,30,16001,,2011-03-20T08:26:49,1,Baby Park,81037
79058,47,16001,,2011-03-20T08:34:44,1,Baby Park,81037
80037,6,16001,,2011-03-20T08:16:32,1,Baby Park,81037
80045,17,16001,,2011-03-20T08:21:01,1,Baby Park,81037
80048,24,16001,,2011-03-20T08:25:18,1,Baby Park,81037
80054,34,16001,,2011-03-20T08:29:11,1,Baby Park,81037
80056,36,16001,,2011-03-20T08:29:55,1,Baby Park,81037
81041,5,16001,,2011-03-20T08:15:56,1,Baby Park,81037
81047,18,16001,,2011-03-20T08:21:18,1,Baby Park,81037
81054,33,16001,,2011-03-20T08:28:58,1,Baby Park,81037
81056,35,16001,,2011-03-20T08:29:44,1,Baby Park,81037
81059,38,16001,,2011-03-20T08:30:28,1,Baby Park,81037
81061,41,16001,,2011-03-20T08:33:16,1,Baby Park,81037
81065,48,16001,,2011-03-20T08:35:00,1,Baby Park,81037
82039,21,16001,,2011-03-20T08:24:20,1,Baby Park,81037
82041,23,16001,,2011-03-20T08:24:47,1,Baby Park,81037
82052,37,16001,,2011-03-20T08:30:13,1,Baby Park,81037
82055,46,16001,,2011-03-20T08:34:26,1,Baby Park,81037
83029,1,16001,,2011-03-20T08:14:26,1,Baby Park,81037
83035,11,16001,,2011-03-20T08:19:14,1,Baby Park,81037
83037,13,16001,,2011-03-20T08:19:48,1,Baby Park,81037
83043,28,16001,,2011-03-20T08:26:20,1,Baby Park,81037
83046,32,16001,,2011-03-20T08:28:38,1,Baby Park,81037
83051,40,16001,,2011-03-20T08:31:32,1,Baby Park,81037
83053,43,16001,,2011-03-20T08:33:52,1,Baby Park,81037
83056,44,16001,,2011-03-20T08:34:06,1,Baby Park,81037
83059,45,16001,,2011-03-20T08:34:19,1,Baby Park,81037
83062,50,16001,,2011-03-20T08:35:22,1,Baby Park,81037
84032,2,16001,,2011-03-20T08:14:44,1,Baby Park,81037
84033,3,16001,,2011-03-20T08:15:00,1,Baby Park,81037
84036,7,16001,,2011-03-20T08:16:51,1,Baby Park,81037
84037,8,16001,,2011-03-20T08:17:07,1,Baby Park,81037
84043,20,16001,,2011-03-20T08:21:52,1,Baby Park,81037
84047,25,16001,,2011-03-20T08:25:34,1,Baby Park,81037
84048,26,16001,,2011-03-20T08:25:49,1,Baby Park,81037
84049,29,16001,,2011-03-20T08:26:33,1,Baby Park,81037
85040,9,16001,,2011-03-20T08:17:20,1,Baby Park,81037
85041,10,16001,,2011-03-20T08:17:36,1,Baby Park,81037
85045,14,16001,,2011-03-20T08:20:04,1,Baby Park,81037
85046,15,16001,,2011-03-20T08:20:19,1,Baby Park,81037
85048,16,16001,,2011-03-20T08:20:32,1,Baby Park,81037
85053,27,16001,,2011-03-20T08:26:02,1,Baby Park,81037
85056,31,16001,,2011-03-20T08:28:27,1,Baby Park,81037
85066,49,16001,,2011-03-20T08:35:11,1,Baby Park,81037
86044,19,16001,,2011-03-20T08:21:36,1,Baby Park,81037
86048,22,16001,,2011-03-20T08:24:35,1,Baby Park,81037
86058,39,16001,,2011-03-20T08:31:03,1,Baby Park,81037
86061,42,16001,,2011-03-20T08:33:29,1,Baby Park,81037
93023,36,16001,,2011-08-28T02:13:59,1,Baby Park,93002
93025,38,16001,,2011-08-28T02:18:58,1,Baby Park,93002
94002,1,16001,,2011-08-27T22:44:46,1,Baby Park,93002
94028,49,16001,,2011-08-28T02:53:19,1,Baby Park,93002
95002,2,16001,,2011-08-27T22:47:57,1,Baby Park,93002
95004,4,16001,,2011-08-27T22:53:30,1,Baby Park,93002
95007,10,16001,,2011-08-27T23:10:35,1,Baby Park,93002
95013,18,16001,,2011-08-27T23:37:35,1,Baby Park,93002
95015,22,16001,,2011-08-28T01:34:23,1,Baby Park,93002
95016,23,16001,,2011-08-28T01:36:46,1,Baby Park,93002
95020,28,16001,,2011-08-28T01:50:15,1,Baby Park,93002
95027,41,16001,,2011-08-28T02:32:56,1,Baby Park,93002
95032,48,16001,,2011-08-28T02:50:34,1,Baby Park,93002
96005,5,16001,,2011-08-27T22:56:02,1,Baby Park,93002
96008,9,16001,,2011-08-27T23:07:33,1,Baby Park,93002
96012,13,16001,,2011-08-27T23:25:08,1,Baby Park,93002
96019,20,16001,,2011-08-27T23:45:20,1,Baby Park,93002
96022,25,16001,,2011-08-28T01:42:40,1,Baby Park,93002
96028,35,16001,,2011-08-28T02:11:47,1,Baby Park,93002
96032,45,16001,,2011-08-28T02:42:54,1,Baby Park,93002
97005,6,16001,,2011-08-27T22:58:22,1,Baby Park,93002
97014,21,16001,,2011-08-28T01:31:38,1,Baby Park,93002
97021,32,16001,,2011-08-28T02:04:22,1,Baby Park,93002
97022,33,16001,,2011-08-28T02:06:50,1,Baby Park,93002
97025,37,16001,,2011-08-28T02:16:26,1,Baby Park,93002
97028,42,16001,,2011-08-28T02:35:28,1,Baby Park,93002
97036,50,16001,,2011-08-28T02:56:16,1,Baby Park,93002
98002,3,16001,,2011-08-27T22:50:17,1,Baby Park,93002
98016,24,16001,,2011-08-28T01:39:58,1,Baby Park,93002
98018,27,16001,,2011-08-28T01:47:51,1,Baby Park,93002
98020,29,16001,,2011-08-28T01:53:07,1,Baby Park,93002
98027,39,16001,,2011-08-28T02:21:20,1,Baby Park,93002
98031,46,16001,,2011-08-28T02:45:32,1,Baby Park,93002
99005,11,16001,,2011-08-27T23:22:30,1,Baby Park,93002
99007,14,16001,,2011-08-27T23:27:35,1,Baby Park,93002
99008,15,16001,,2011-08-27T23:30:02,1,Baby Park,93002
99010,17,16001,,2011-08-27T23:34:47,1,Baby Park,93002
99014,26,16001,,2011-08-28T01:45:21,1,Baby Park,93002
99017,30,16001,,2011-08-28T01:55:33,1,Baby Park,93002
99020,34,16001,,2011-08-28T02:09:16,1,Baby Park,93002
99025,40,16001,,2011-08-28T02:23:44,1,Baby Park,93002
99028,43,16001,,2011-08-28T02:37:48,1,Baby Park,93002
99029,44,16001,,2011-08-28T02:40:32,1,Baby Park,93002
99031,47,16001,,2011-08-28T02:47:58,1,Baby Park,93002
100003,7,16001,,2011-08-27T23:02:38,1,Baby Park,93002
100004,8,16001,,2011-08-27T23:05:12,1,Baby Park,93002
100006,12,16001,,2011-08-27T23:22:47,1,Baby Park,93002
100008,16,16001,,2011-08-27T23:32:32,1,Baby Park,93002
100009,19,16001,,2011-08-27T23:41:41,1,Baby Park,93002
100016,31,16001,,2011-08-28T02:01:57,1,Baby Park,93002
102004,4,16001,,2012-02-18T18:54:20,103001,Baby Park,104001
102007,8,16001,,2012-02-18T19:04:22,103001,Baby Park,104001
102010,10,16001,,2012-02-18T19:09:22,103001,Baby Park,104001
102014,18,16001,,2012-02-18T19:37:23,103001,Baby Park,104001
102017,26,16001,,2012-02-18T20:03:40,103001,Baby Park,104001
102018,27,16001,,2012-02-18T20:07:03,103001,Baby Park,104001
102022,36,16001,,2012-02-18T20:35:54,103001,Baby Park,104001
102024,39,16001,,2012-02-18T20:44:05,103001,Baby Park,104001
102027,42,16001,,2012-02-18T21:02:54,103001,Baby Park,104001
102029,50,16001,,2012-02-18T21:23:04,103001,Baby Park,104001
103007,9,16001,,2012-02-18T19:07:00,103001,Baby Park,104001
103012,16,16001,,2012-02-18T19:30:41,103001,Baby Park,104001
103013,17,16001,,2012-02-18T19:33:35,103001,Baby Park,104001
103016,22,16001,,2012-02-18T19:53:32,103001,Baby Park,104001
103026,33,16001,,2012-02-18T20:28:30,103001,Baby Park,104001
103031,40,16001,,2012-02-18T20:46:25,103001,Baby Park,104001
104004,6,16001,,2012-02-18T18:59:29,103001,Baby Park,104001
104005,7,16001,,2012-02-18T19:01:51,103001,Baby Park,104001
104010,15,16001,,2012-02-18T19:28:11,103001,Baby Park,104001
104020,29,16001,,2012-02-18T20:14:00,103001,Baby Park,104001
104022,32,16001,,2012-02-18T20:26:05,103001,Baby Park,104001
104023,35,16001,,2012-02-18T20:33:15,103001,Baby Park,104001
104026,38,16001,,2012-02-18T20:41:04,103001,Baby Park,104001
104034,48,16001,,2012-02-18T21:18:10,103001,Baby Park,104001
105001,1,16001,,2012-02-18T18:46:57,103001,Baby Park,104001
105003,2,16001,,2012-02-18T18:49:08,103001,Baby Park,104001
105005,5,16001,,2012-02-18T18:56:52,103001,Baby Park,104001
105008,11,16001,,2012-02-18T19:16:10,103001,Baby Park,104001
105009,12,16001,,2012-02-18T19:18:41,103001,Baby Park,104001
105018,21,16001,,2012-02-18T19:51:08,103001,Baby Park,104001
106014,23,16001,,2012-02-18T19:56:44,103001,Baby Park,104001
106025,41,16001,,2012-02-18T21:00:20,103001,Baby Park,104001
106026,43,16001,,2012-02-18T21:05:13,103001,Baby Park,104001
106027,45,16001,,2012-02-18T21:10:32,103001,Baby Park,104001
107002,3,16001,,2012-02-18T18:51:53,103001,Baby Park,104001
107016,28,16001,,2012-02-18T20:11:43,103001,Baby Park,104001
107018,30,16001,,2012-02-18T20:16:18,103001,Baby Park,104001
107026,44,16001,,2012-02-18T21:07:53,103001,Baby Park,104001
107030,49,16001,,2012-02-18T21:20:37,103001,Baby Park,104001
108009,13,16001,,2012-02-18T19:22:43,103001,Baby Park,104001
108010,14,16001,,2012-02-18T19:25:18,103001,Baby Park,104001
108012,19,16001,,2012-02-18T19:40:25,103001,Baby Park,104001
108014,20,16001,,2012-02-18T19:43:03,103001,Baby Park,104001
108020,31,16001,jd: don't touch me down the stretch,2012-02-18T20:23:37,103001,Baby Park,104001
108027,47,16001,,2012-02-18T21:15:44,103001,Baby Park,104001
109009,24,16001,,2012-02-18T19:59:01,103001,Baby Park,104001
109010,25,16001,,2012-02-18T20:01:19,103001,Baby Park,104001
109016,34,16001,,2012-02-18T20:30:57,103001,Baby Park,104001
109018,37,16001,,2012-02-18T20:38:26,103001,Baby Park,104001
109026,46,16001,,2012-02-18T21:13:21,103001,Baby Park,104001
116002,1,16001,,2013-02-17T23:30:30,115001,Baby Park,117001
7001,1,17001,,2010-09-26T00:05:22,1,Baby Park,6001
11001,2,17001,,2010-09-26T00:08:07,1,Baby Park,6001
15001,3,17001,,2010-09-26T00:10:26,1,Baby Park,6001
19001,4,17001,,2010-09-26T00:13:03,1,Baby Park,6001
22004,21,17001,,2011-01-15T19:50:50,23001,Baby Park,22002
23004,16,17001,,2011-01-15T19:31:03,23001,Baby Park,22002
25003,36,17001,,2011-01-15T20:37:36,23001,Baby Park,22002
37002,54,17001,,2011-01-16T02:18:04,23001,Baby Park,22002
44004,12,17001,,2011-01-15T19:18:22,23001,Baby Park,22002
45001,1,17001,,2011-01-15T18:43:43,23001,Baby Park,22002
49002,18,17001,,2011-01-15T19:36:08,23001,Baby Park,22002
49003,27,17001,,2011-01-15T20:08:59,23001,Baby Park,22002
50001,2,17001,,2011-01-15T18:46:18,23001,Baby Park,22002
54001,3,17001,,2011-01-15T18:48:49,23001,Baby Park,22002
54003,23,17001,,2011-01-15T19:56:34,23001,Baby Park,22002
54005,28,17001,,2011-01-15T20:11:39,23001,Baby Park,22002
57001,4,17001,,2011-01-15T18:51:32,23001,Baby Park,22002
61001,5,17001,,2011-01-15T18:54:10,23001,Baby Park,22002
62003,32,17001,Dan: how did i win that? JD: you didnt bitch!!!!!,2011-01-15T20:26:34,23001,Baby Park,22002
62004,40,17001,,2011-01-16T01:42:19,23001,Baby Park,22002
63001,6,17001,,2011-01-15T18:56:28,23001,Baby Park,22002
64002,52,17001,,2011-01-16T02:13:01,23001,Baby Park,22002
65002,25,17001,,2011-01-15T20:03:00,23001,Baby Park,22002
66003,29,17001,,2011-01-15T20:15:27,23001,Baby Park,22002
66004,43,17001,,2011-01-16T01:50:20,23001,Baby Park,22002
67002,9,17001,,2011-01-15T19:07:32,23001,Baby Park,22002
68001,7,17001,,2011-01-15T19:02:00,23001,Baby Park,22002
70002,13,17001,,2011-01-15T19:21:59,23001,Baby Park,22002
70003,20,17001,,2011-01-15T19:44:21,23001,Baby Park,22002
70007,53,17001,,2011-01-16T02:15:30,23001,Baby Park,22002
73001,8,17001,,2011-01-15T19:04:35,23001,Baby Park,22002
75004,50,17001,,2011-01-16T02:07:57,23001,Baby Park,22002
76001,10,17001,,2011-01-15T19:11:38,23001,Baby Park,22002
77003,46,17001,,2011-01-16T01:57:19,23001,Baby Park,22002
79001,11,17001,,2011-01-15T19:15:11,23001,Baby Park,22002
79004,38,17001,,2011-01-16T01:37:20,23001,Baby Park,22002
85001,14,17001,,2011-01-15T19:24:46,23001,Baby Park,22002
86003,48,17001,,2011-01-16T02:02:49,23001,Baby Park,22002
90001,15,17001,,2011-01-15T19:28:06,23001,Baby Park,22002
96003,30,17001,,2011-01-15T20:18:21,23001,Baby Park,22002
97001,17,17001,,2011-01-15T19:33:44,23001,Baby Park,22002
101002,24,17001,,2011-01-15T20:00:42,23001,Baby Park,22002
101004,34,17001,,2011-01-15T20:32:14,23001,Baby Park,22002
103001,19,17001,,2011-01-15T19:41:29,23001,Baby Park,22002
103002,37,17001,,2011-01-16T01:34:51,23001,Baby Park,22002
104003,31,17001,,2011-01-15T20:22:34,23001,Baby Park,22002
107001,22,17001,,2011-01-15T19:53:40,23001,Baby Park,22002
107002,47,17001,,2011-01-16T02:00:04,23001,Baby Park,22002
109001,26,17001,,2011-01-15T20:06:07,23001,Baby Park,22002
109002,33,17001,,2011-01-15T20:29:21,23001,Baby Park,22002
110004,56,17001,,2011-01-16T02:23:45,23001,Baby Park,22002
117001,35,17001,,2011-01-15T20:35:10,23001,Baby Park,22002
119002,44,17001,,2011-01-16T01:52:33,23001,Baby Park,22002
121003,42,17001,,2011-01-16T01:48:03,23001,Baby Park,22002
125001,39,17001,,2011-01-16T01:39:41,23001,Baby Park,22002
125002,49,17001,,2011-01-16T02:05:28,23001,Baby Park,22002
128001,41,17001,,2011-01-16T01:45:24,23001,Baby Park,22002
134001,45,17001,,2011-01-16T01:55:04,23001,Baby Park,22002
135002,55,17001,,2011-01-16T02:20:34,23001,Baby Park,22002
137001,51,17001,,2011-01-16T02:10:25,23001,Baby Park,22002
26001,1,17001,,2011-01-15T18:20:15,23001,Baby Park,25001
31001,2,17001,,2011-01-15T18:24:35,23001,Baby Park,25001
36001,3,17001,,2011-01-15T18:27:34,23001,Baby Park,25001
39001,4,17001,,2011-01-15T18:29:59,23001,Baby Park,25001
141004,5,17001,,2011-05-07T20:08:33,23001,Baby Park,143001
141005,8,17001,,2011-05-07T20:16:04,23001,Baby Park,143001
141014,24,17001,,2011-05-07T21:03:28,23001,Baby Park,143001
141019,33,17001,,2011-05-07T21:34:05,23001,Baby Park,143001
142003,9,17001,,2011-05-07T20:18:29,23001,Baby Park,143001
142007,15,17001,,2011-05-07T20:37:38,23001,Baby Park,143001
142011,22,17001,,2011-05-07T20:58:48,23001,Baby Park,143001
142014,28,17001,,2011-05-07T21:13:35,23001,Baby Park,143001
142017,38,17001,,2011-05-07T21:47:08,23001,Baby Park,143001
143009,23,17001,,2011-05-07T21:01:09,23001,Baby Park,143001
143017,32,17001,,2011-05-07T21:31:40,23001,Baby Park,143001
144001,1,17001,,2011-05-07T19:54:39,23001,Baby Park,143001
144003,6,17001,,2011-05-07T20:10:57,23001,Baby Park,143001
147001,2,17001,,2011-05-07T19:57:14,23001,Baby Park,143001
147005,13,17001,,2011-05-07T20:32:15,23001,Baby Park,143001
147012,21,17001,,2011-05-07T20:56:31,23001,Baby Park,143001
147019,30,17001,,2011-05-07T21:18:32,23001,Baby Park,143001
147022,34,17001,,2011-05-07T21:36:56,23001,Baby Park,143001
147024,37,17001,,2011-05-07T21:44:14,23001,Baby Park,143001
148008,14,17001,,2011-05-07T20:35:15,23001,Baby Park,143001
148011,16,17001,,2011-05-07T20:39:48,23001,Baby Park,143001
148013,18,17001,,2011-05-07T20:46:14,23001,Baby Park,143001
148017,25,17001,,2011-05-07T21:05:51,23001,Baby Park,143001
148018,26,17001,,2011-05-07T21:08:03,23001,Baby Park,143001
148022,31,17001,,2011-05-07T21:29:21,23001,Baby Park,143001
149002,3,17001,,2011-05-07T20:02:55,23001,Baby Park,143001
149005,7,17001,,2011-05-07T20:13:17,23001,Baby Park,143001
150004,10,17001,,2011-05-07T20:21:37,23001,Baby Park,143001
151001,4,17001,,2011-05-07T20:05:21,23001,Baby Park,143001
151002,11,17001,,2011-05-07T20:27:07,23001,Baby Park,143001
155005,12,17001,,2011-05-07T20:29:35,23001,Baby Park,143001
155009,19,17001,,2011-05-07T20:48:54,23001,Baby Park,143001
155010,20,17001,,2011-05-07T20:51:06,23001,Baby Park,143001
155014,27,17001,,2011-05-07T21:11:12,23001,Baby Park,143001
155017,36,17001,,2011-05-07T21:41:46,23001,Baby Park,143001
157003,17,17001,,2011-05-07T20:42:41,23001,Baby Park,143001
157016,39,17001,,2011-05-07T21:49:40,23001,Baby Park,143001
157017,40,17001,,2011-05-07T21:52:13,23001,Baby Park,143001
158001,29,17001,,2011-05-07T21:16:01,23001,Baby Park,143001
161001,35,17001,,2011-05-07T21:39:20,23001,Baby Park,143001
141028,10,17001,,2011-05-08T03:33:45,23001,Baby Park,155021
142022,5,17001,,2011-05-08T03:18:56,23001,Baby Park,155021
142025,12,17001,,2011-05-08T03:40:52,23001,Baby Park,155021
142028,15,17001,,2011-05-08T03:48:11,23001,Baby Park,155021
142029,16,17001,,2011-05-08T03:51:46,23001,Baby Park,155021
142031,18,17001,,2011-05-08T03:56:16,23001,Baby Park,155021
147028,1,17001,,2011-05-08T03:09:18,23001,Baby Park,155021
147030,4,17001,,2011-05-08T03:16:18,23001,Baby Park,155021
147039,17,17001,,2011-05-08T03:54:00,23001,Baby Park,155021
147041,20,17001,,2011-05-08T04:01:01,23001,Baby Park,155021
148029,2,17001,,2011-05-08T03:11:33,23001,Baby Park,155021
148033,6,17001,,2011-05-08T03:24:40,23001,Baby Park,155021
148038,13,17001,,2011-05-08T03:43:18,23001,Baby Park,155021
150019,3,17001,,2011-05-08T03:13:54,23001,Baby Park,155021
150022,7,17001,,2011-05-08T03:27:01,23001,Baby Park,155021
150024,9,17001,,2011-05-08T03:31:32,23001,Baby Park,155021
150026,11,17001,,2011-05-08T03:38:25,23001,Baby Park,155021
157021,8,17001,,2011-05-08T03:29:18,23001,Baby Park,155021
157024,14,17001,,2011-05-08T03:45:30,23001,Baby Park,155021
157028,19,17001,,2011-05-08T03:58:37,23001,Baby Park,155021
142033,2,17001,,2011-06-04T22:58:36,23001,Baby Park,167001
142042,14,17001,,2011-06-04T23:33:40,23001,Baby Park,167001
142043,15,17001,,2011-06-04T23:36:11,23001,Baby Park,167001
142055,35,17001,,2011-06-05T07:19:29,23001,Baby Park,167001
142057,36,17001,,2011-06-05T07:21:43,23001,Baby Park,167001
142058,37,17001,,2011-06-05T07:25:39,23001,Baby Park,167001
165028,17,17001,,2011-06-04T23:41:27,23001,Baby Park,167001
165030,19,17001,,2011-06-04T23:46:21,23001,Baby Park,167001
165036,29,17001,,2011-06-05T00:14:14,23001,Baby Park,167001
165042,41,17001,,2011-06-05T07:35:05,23001,Baby Park,167001
166006,7,17001,,2011-06-04T23:11:54,23001,Baby Park,167001
166012,21,17001,,2011-06-04T23:53:18,23001,Baby Park,167001
166014,22,17001,,2011-06-04T23:59:05,23001,Baby Park,167001
166019,28,17001,,2011-06-05T00:11:47,23001,Baby Park,167001
166021,34,17001,,2011-06-05T07:17:08,23001,Baby Park,167001
166024,38,17001,,2011-06-05T07:27:56,23001,Baby Park,167001
167004,4,17001,,2011-06-04T23:03:32,23001,Baby Park,167001
167020,24,17001,,2011-06-05T00:03:47,23001,Baby Park,167001
168001,1,17001,,2011-06-04T22:58:11,23001,Baby Park,167001
168003,3,17001,,2011-06-04T23:01:08,23001,Baby Park,167001
168007,9,17001,,2011-06-04T23:17:30,23001,Baby Park,167001
168011,13,17001,,2011-06-04T23:31:11,23001,Baby Park,167001
168016,23,17001,,2011-06-05T00:01:22,23001,Baby Park,167001
168017,25,17001,,2011-06-05T00:05:00,23001,Baby Park,167001
168021,33,17001,,2011-06-05T07:14:36,23001,Baby Park,167001
169008,10,17001,,2011-06-04T23:20:05,23001,Baby Park,167001
169009,11,17001,,2011-06-04T23:26:04,23001,Baby Park,167001
169011,18,17001,,2011-06-04T23:43:51,23001,Baby Park,167001
169018,30,17001,,2011-06-05T00:17:31,23001,Baby Park,167001
169019,31,17001,,2011-06-05T00:20:26,23001,Baby Park,167001
169021,32,17001,,2011-06-05T07:12:21,23001,Baby Park,167001
169024,39,17001,,2011-06-05T07:30:13,23001,Baby Park,167001
170004,5,17001,,2011-06-04T23:06:35,23001,Baby Park,167001
170005,6,17001,,2011-06-04T23:09:14,23001,Baby Park,167001
170007,8,17001,,2011-06-04T23:14:51,23001,Baby Park,167001
170011,16,17001,,2011-06-04T23:38:55,23001,Baby Park,167001
170013,20,17001,,2011-06-04T23:48:44,23001,Baby Park,167001
170017,27,17001,,2011-06-05T00:07:30,23001,Baby Park,167001
170025,40,17001,,2011-06-05T07:32:21,23001,Baby Park,167001
171005,12,17001,,2011-06-04T23:28:33,23001,Baby Park,167001
173005,6,17001,,2011-08-28T03:30:25,23001,Baby Park,173001
173008,10,17001,,2011-08-28T03:41:13,23001,Baby Park,173001
173010,14,17001,,2011-08-28T03:58:08,23001,Baby Park,173001
173020,25,17001,,2011-08-28T04:32:23,23001,Baby Park,173001
174001,1,17001,,2011-08-28T03:13:43,23001,Baby Park,173001
174003,3,17001,,2011-08-28T03:18:28,23001,Baby Park,173001
174006,9,17001,,2011-08-28T03:38:44,23001,Baby Park,173001
174007,13,17001,,2011-08-28T03:55:26,23001,Baby Park,173001
174016,24,17001,,2011-08-28T04:29:57,23001,Baby Park,173001
175004,4,17001,,2011-08-28T03:20:55,23001,Baby Park,173001
175005,5,17001,,2011-08-28T03:23:39,23001,Baby Park,173001
175007,7,17001,,2011-08-28T03:33:04,23001,Baby Park,173001
175011,11,17001,,2011-08-28T03:50:09,23001,Baby Park,173001
176009,12,17001,,2011-08-28T03:53:01,23001,Baby Park,173001
176012,16,17001,,2011-08-28T04:06:05,23001,Baby Park,173001
177001,2,17001,,2011-08-28T03:16:05,23001,Baby Park,173001
177006,8,17001,,2011-08-28T03:36:02,23001,Baby Park,173001
177012,21,17001,,2011-08-28T04:22:16,23001,Baby Park,173001
177013,23,17001,,2011-08-28T04:27:16,23001,Baby Park,173001
178009,15,17001,,2011-08-28T04:00:30,23001,Baby Park,173001
178011,17,17001,,2011-08-28T04:08:55,23001,Baby Park,173001
178012,20,17001,,2011-08-28T04:17:08,23001,Baby Park,173001
178014,22,17001,,2011-08-28T04:24:51,23001,Baby Park,173001
179008,18,17001,,2011-08-28T04:11:39,23001,Baby Park,173001
179009,19,17001,,2011-08-28T04:14:09,23001,Baby Park,173001
180006,12,17001,,2013-02-18T00:15:27,183001,Baby Park,184001
180009,21,17001,,2013-02-18T00:44:55,183001,Baby Park,184001
180017,35,17001,,2013-02-18T01:47:59,183001,Baby Park,184001
180022,49,17001,,2013-02-18T02:38:19,183001,Baby Park,184001
181015,37,17001,,2013-02-18T02:00:30,183001,Baby Park,184001
181017,47,17001,,2013-02-18T02:33:41,183001,Baby Park,184001
182002,3,17001,,2013-02-17T23:42:50,183001,Baby Park,184001
182004,10,17001,,2013-02-18T00:07:20,183001,Baby Park,184001
182010,29,17001,,2013-02-18T01:21:18,183001,Baby Park,184001
183010,22,17001,,2013-02-18T00:47:13,183001,Baby Park,184001
183013,27,17001,,2013-02-18T01:15:57,183001,Baby Park,184001
183017,36,17001,,2013-02-18T01:56:40,183001,Baby Park,184001
183019,46,17001,,2013-02-18T02:30:05,183001,Baby Park,184001
183021,48,17001,,2013-02-18T02:35:45,183001,Baby Park,184001
184005,6,17001,,2013-02-17T23:56:16,183001,Baby Park,184001
184006,7,17001,,2013-02-17T23:59:57,183001,Baby Park,184001
184009,17,17001,,2013-02-18T00:31:51,183001,Baby Park,184001
184010,23,17001,,2013-02-18T00:49:43,183001,Baby Park,184001
184011,25,17001,,2013-02-18T01:04:54,183001,Baby Park,184001
184013,32,17001,,2013-02-18T01:40:46,183001,Baby Park,184001
184014,50,17001,,2013-02-18T02:40:57,183001,Baby Park,184001
185001,1,17001,,2013-02-17T23:38:44,183001,Baby Park,184001
185003,8,17001,,2013-02-18T00:02:28,183001,Baby Park,184001
185016,60,17001,,2013-02-18T03:15:18,183001,Baby Park,184001
186001,2,17001,,2013-02-17T23:39:05,183001,Baby Park,184001
191001,4,17001,,2013-02-17T23:45:57,183001,Baby Park,184001
191004,13,17001,,2013-02-18T00:18:06,183001,Baby Park,184001
191005,15,17001,,2013-02-18T00:23:09,183001,Baby Park,184001
191008,28,17001,,2013-02-18T01:18:17,183001,Baby Park,184001
191015,55,17001,,2013-02-18T02:57:11,183001,Baby Park,184001
192009,24,17001,,2013-02-18T00:58:46,183001,Baby Park,184001
192011,26,17001,,2013-02-18T01:14:00,183001,Baby Park,184001
192021,57,17001,,2013-02-18T03:06:45,183001,Baby Park,184001
192022,58,17001,,2013-02-18T03:10:07,183001,Baby Park,184001
193005,14,17001,,2013-02-18T00:20:38,183001,Baby Park,184001
193019,44,17001,,2013-02-18T02:22:11,183001,Baby Park,184001
193021,52,17001,,2013-02-18T02:49:28,183001,Baby Park,184001
193024,56,17001,,2013-02-18T03:04:00,183001,Baby Park,184001
193026,59,17001,,2013-02-18T03:12:58,183001,Baby Park,184001
194001,5,17001,,2013-02-17T23:49:10,183001,Baby Park,184001
194013,42,17001,,2013-02-18T02:17:00,183001,Baby Park,184001
194019,51,17001,,2013-02-18T02:46:29,183001,Baby Park,184001
195002,11,17001,,2013-02-18T00:13:21,183001,Baby Park,184001
195007,24,17001,,2013-02-18T01:00:49,183001,Baby Park,184001
196004,18,17001,,2013-02-18T00:34:38,183001,Baby Park,184001
196005,19,17001,,2013-02-18T00:36:45,183001,Baby Park,184001
196013,43,17001,,2013-02-18T02:19:39,183001,Baby Park,184001
197007,30,17001,,2013-02-18T01:24:10,183001,Baby Park,184001
197008,31,17001,,2013-02-18T01:38:40,183001,Baby Park,184001
197009,33,17001,,2013-02-18T01:43:01,183001,Baby Park,184001
197014,40,17001,,2013-02-18T02:07:43,183001,Baby Park,184001
197015,41,17001,,2013-02-18T02:14:42,183001,Baby Park,184001
197020,54,17001,,2013-02-18T02:54:16,183001,Baby Park,184001
198002,9,17001,,2013-02-18T00:04:54,183001,Baby Park,184001
198003,16,17001,,2013-02-18T00:29:41,183001,Baby Park,184001
198015,39,17001,,2013-02-18T02:05:26,183001,Baby Park,184001
198023,53,17001,,2013-02-18T02:51:48,183001,Baby Park,184001
199010,34,17001,,2013-02-18T01:45:29,183001,Baby Park,184001
199013,38,17001,,2013-02-18T02:02:48,183001,Baby Park,184001
199014,45,17001,,2013-02-18T02:24:29,183001,Baby Park,184001
7001,1,18001,,2010-09-26T00:19:36,1,Dry Dry Desert,6001
8002,6,18001,,2010-09-26T00:36:57,1,Peach Beach,6001
11003,3,18001,,2010-09-26T00:26:45,1,Wario Colosseum,6001
12001,2,18001,,2010-09-26T00:23:20,1,Dino Dino Jungle,6001
19001,4,18001,dan takes two blues in the final turns.,2010-09-26T00:31:27,1,Mario Circuit,6001
22001,5,18001,,2010-09-26T00:34:13,1,Mushroom Bridge,6001
28001,7,18001,,2010-09-26T00:39:47,1,Luigi Circuit,6001
32004,8,18001,,2011-06-05T00:49:16,32001,Baby Park,35001
32005,10,18001,,2011-06-05T00:56:01,32001,Waluigi Stadium,35001
33013,16,18001,,2011-06-05T01:15:18,32001,Rainbow Road,35001
34002,1,18001,,2011-06-05T00:31:46,32001,Luigi Circuit,35001
34003,2,18001,,2011-06-05T00:32:15,32001,Mario Circuit,35001
34004,3,18001,,2011-06-05T00:35:20,32001,DK Mountain,35001
34008,9,18001,,2011-06-05T00:52:08,32001,Mushroom Bridge,35001
35009,11,18001,,2011-06-05T00:58:54,32001,Mushroom City,35001
35010,12,18001,,2011-06-05T01:01:45,32001,Yoshi Circuit,35001
37003,4,18001,,2011-06-05T00:39:01,32001,Bowser Castle,35001
37004,5,18001,,2011-06-05T00:41:39,32001,Sherbet Land,35001
37007,13,18001,,2011-06-05T01:04:43,32001,Wario Colosseum,35001
37008,14,18001,,2011-06-05T01:08:00,32001,Dino Dino Jungle,35001
38005,6,18001,,2011-06-05T00:43:44,32001,Peach Beach,35001
38006,7,18001,,2011-06-05T00:46:55,32001,Daisy Cruiser,35001
38011,15,18001,,2011-06-05T01:10:38,32001,Dry Dry Desert,35001
5001,1,19001,,2010-10-17T00:11:45,1,Luigi Circuit,4001
8001,2,19001,,2010-10-17T00:14:05,1,Peach Beach,4001
11001,3,19001,,2010-10-17T00:17:41,1,Dino Dino Jungle,4001
13001,4,19001,,2010-10-17T00:20:09,1,Mario Circuit,4001
13002,5,19001,,2010-10-17T00:23:01,1,Sherbet Land,4001
17001,6,19001,,2010-10-17T00:25:54,1,Waluigi Stadium,4001
20001,7,19001,,2010-10-17T00:30:34,1,Wario Colosseum,4001
22002,14,19001,,2010-10-17T00:49:59,1,Dry Dry Desert,4001
23001,8,19001,,2010-10-17T00:33:50,1,Mushroom City,4001
23002,10,19001,,2010-10-17T00:39:00,1,Mushroom Bridge,4001
25001,9,19001,,2010-10-17T00:36:54,1,DK Mountain,4001
25002,11,19001,,2010-10-17T00:41:33,1,Baby Park,4001
30001,12,19001,,2010-10-17T00:44:20,1,Yoshi Circuit,4001
33001,13,19001,,2010-10-17T00:47:11,1,Daisy Cruiser,4001
35001,15,19001,,2010-10-17T00:55:12,1,Bowser Castle,4001
38001,16,19001,,2010-10-17T01:00:54,1,Rainbow Road,4001
13003,7,19001,,2010-10-17T02:14:18,1,Daisy Cruiser,42001
18004,13,19001,,2010-10-17T02:34:09,1,Dino Dino Jungle,42001
26002,1,19001,,2010-10-17T01:53:34,1,Luigi Circuit,42001
33002,9,19001,,2010-10-17T02:21:03,1,DK Mountain,42001
33003,14,19001,,2010-10-17T02:36:12,1,Baby Park,42001
39002,4,19001,,2010-10-17T02:03:34,1,Sherbet Land,42001
44001,2,19001,,2010-10-17T01:57:58,1,Bowser Castle,42001
45002,15,19001,,2010-10-17T02:45:44,1,Mario Circuit,42001
46001,3,19001,,2010-10-17T02:00:50,1,Mushroom Bridge,42001
48001,5,19001,,2010-10-17T02:06:28,1,Yoshi Circuit,42001
49001,6,19001,,2010-10-17T02:10:59,1,Dry Dry Desert,42001
50001,8,19001,,2010-10-17T02:17:24,1,Wario Colosseum,42001
51002,11,19001,,2010-10-17T02:26:44,1,Mushroom City,42001
52002,10,19001,,2010-10-17T02:26:31,1,Peach Beach,42001
52003,16,19001,,2010-10-17T02:52:03,1,Rainbow Road,42001
57001,12,19001,,2010-10-17T02:30:50,1,Waluigi Stadium,42001
5001,1,20001,,2010-10-17T01:04:58,1,Baby Park,4001
8001,2,20001,,2010-10-17T01:07:23,1,Baby Park,4001
11001,3,20001,,2010-10-17T01:09:24,1,Baby Park,4001
11002,10,20001,,2010-10-17T01:26:14,1,Baby Park,4001
14001,4,20001,,2010-10-17T01:14:05,1,Baby Park,4001
16001,5,20001,,2010-10-17T01:16:08,1,Baby Park,4001
19001,6,20001,,2010-10-17T01:18:26,1,Baby Park,4001
22001,7,20001,,2010-10-17T01:20:30,1,Baby Park,4001
22003,15,20001,,2010-10-17T01:40:08,1,Baby Park,4001
24001,8,20001,,2010-10-17T01:22:28,1,Baby Park,4001
25001,9,20001,,2010-10-17T01:24:18,1,Baby Park,4001
28001,11,20001,,2010-10-17T01:28:30,1,Baby Park,4001
28002,13,20001,,2010-10-17T01:36:12,1,Baby Park,4001
29002,16,20001,,2010-10-17T01:41:56,1,Baby Park,4001
31001,12,20001,,2010-10-17T01:30:10,1,Baby Park,4001
35001,14,20001,,2010-10-17T01:38:04,1,Baby Park,4001
37001,17,20001,,2010-10-17T01:43:48,1,Baby Park,4001
41001,18,20001,,2010-10-17T01:48:03,1,Baby Park,4001
